ID_REF	baseMean	log2FoldChange	lfcSE	pvalue	padj	threshold
A_24_P68088	106.58314024345957	8.630289784016759	0.759910726573171	2.4419101323464522e-30	1.0011831542620454e-25	TRUE
A_23_P351203	45.24570392494475	4.493158928378958	0.9358429168794572	2.69021490480688e-7	3.4361000341770115e-5	TRUE
A_24_P927556	4.23370479476473	3.903735424313235	0.7340332232740181	5.987517981599992e-7	7.372019136504494e-5	TRUE
A_24_P676200	38.434586322041966	3.8005895087656008	0.9744295024080016	1.202288863764811e-5	0.0012671939181068703	TRUE
A_23_P369600	82.57605658435517	3.7218568841003243	1.0294742360440405	3.5888326189119626e-5	0.0034621679382444816	TRUE
A_24_P936327	115.86125257366814	3.4012589575439716	1.0696222550185135	1.4881904018260544e-4	0.012961731157833462	TRUE
A_23_P39304	8.741055674824752	3.325387472685894	0.7909337069715597	7.423282845862049e-10	1.833461425785205e-7	TRUE
A_24_P297816	3.0531649763621016	3.2303460884015354	0.6936276787774842	8.330226112877465e-6	9.059397098885307e-4	TRUE
A_32_P341615	9.60811147388343	3.0948694232456475	0.733191457970351	1.0502460438369536e-11	6.855099984584081e-9	TRUE
A_24_P838261	111.5075090902431	3.001871387304659	1.1325830693673924	6.555815050023354e-4	0.04887062128199228	TRUE
A_24_P928949	6.536708917855289	2.968843576414387	0.7357807764115021	1.438839895801212e-9	3.1048650383078785e-7	TRUE
A_23_P65189	7.624689481242745	2.8889763132149446	0.8857695217803314	7.867095113955778e-5	0.007199796867682743	TRUE
A_23_P87528	8.656292948122218	2.7464915085579356	0.740181930546474	7.203591724751673e-11	2.895561379557045e-8	TRUE
A_24_P657226	4.482417465079693	2.64864501988432	0.8527206737294327	2.5514636272390027e-4	0.020880241260838147	TRUE
A_32_P3322	7.16165712219921	2.605183187529876	0.7674384161495048	2.3611922085991935e-9	4.545017866317696e-7	TRUE
A_32_P225659	7.58022165718286	2.5256573264661113	0.7596919259273514	7.184626232988295e-10	1.8002153913458998e-7	TRUE
A_24_P636179	36.22170117884452	2.4962857832556007	1.0916633625520547	4.704438869842777e-5	0.004454549507241429	TRUE
A_24_P222324	15.210392366090336	2.3451781969717227	1.05066765155762	6.168932059400525e-5	0.00576141718531712	TRUE
A_32_P174040	22.985762278200685	2.198290677405753	0.8140307739085665	9.65306243594844e-16	5.653936569626944e-12	TRUE
A_24_P942346	6.499600974933883	2.1480409755280574	0.8181842101294893	1.3195695628680347e-8	2.1384328884422694e-6	TRUE
A_23_P18751	6.091936723129246	2.0717262853532734	0.8040521312270962	1.95973006835288e-8	3.1022753977786905e-6	TRUE
A_32_P441492	12.966602326913893	1.8375762563812135	0.9501518415742766	4.4252902164556775e-11	2.0159655430520307e-8	TRUE
A_24_P870921	5.450575889552696	1.7638655703272752	0.8538488785306756	6.647572056961459e-8	9.463557442202077e-6	TRUE
A_32_P13936	31.810193744316553	1.7586357242567576	1.0831740108233876	5.005470430123465e-8	7.3821686199662605e-6	TRUE
A_24_P872971	9.39276834716323	1.6585170522367991	1.1003634202434494	3.228839421859244e-5	0.003167043452062895	TRUE
A_32_P125338	13.083828684338965	1.656517124166619	0.7962855124822905	4.528263674891021e-14	8.636637892367375e-11	TRUE
A_23_P46584	15.351028699970099	1.656251058796588	0.910334315680159	3.0995205123678787e-13	3.9712606564713446e-10	TRUE
A_23_P138262	3.495208689220507	1.6298728695858993	0.76040160621308	9.669084926612141e-7	1.1659778882091112e-4	TRUE
A_24_P943507	7.52596783199054	1.5920431220133895	0.9292395699882038	3.199739060781248e-9	5.936167488327202e-7	TRUE
A_32_P226200	47.737947385037465	1.4813695881868132	1.8686222278870182	4.137497637487031e-5	0.003935902624987663	TRUE
A_24_P160070	7.529223668815085	1.4719129928646009	0.9740776120694841	3.125272979021806e-9	5.843637890603307e-7	TRUE
A_32_P22866	25.522869347180492	1.4305762817013645	1.3791746743168656	3.554901942435493e-8	5.319378818972818e-6	TRUE
A_32_P118811	18.747993771620617	1.2496380745048123	1.4106491172541609	9.41170313390193e-10	2.2050275913713093e-7	TRUE
A_24_P392201	57491.519962691564	1.0228338408525055	0.3847489447317028	3.627056578426977e-4	0.028543055607582735	TRUE
A_23_P30976	2.361925223359409	0.007818503248142204	0.04162056906042759	9.267173295252628e-5	0.008406064272242428	TRUE
A_24_P916955	2.540248148598312	0.007656373084218845	0.041575249987467665	4.8255843934614105e-5	0.004548251957055582	TRUE
A_23_P408280	4.80025645083211	0.007058943983066809	0.041426824093577605	1.0747256519401711e-7	1.4836280043618525e-5	TRUE
A_32_P104772	18.672713425328467	0.006514942460190726	0.041294762424264796	3.0125060440780484e-15	1.1228431618836364e-11	TRUE
A_32_P187320	20.49297923178164	0.006136572897438576	0.0412192724491735	3.8565547905837094e-14	7.905937320696605e-11	TRUE
A_24_P333420	10.291442925206061	0.005633002127680434	0.04109285360730417	1.0533446317775538e-11	6.855099984584081e-9	TRUE
A_24_P160491	28.40682814028552	0.005545799317870882	0.04108162676599212	6.676127570280356e-17	5.474424607629891e-13	TRUE
A_23_P360990	8.178206371038389	0.005532449989754234	0.04107658212394099	6.671947441853589e-10	1.6990673609689264e-7	TRUE
A_23_P84721	17.618994020849	0.005392951738151367	0.04104854337592698	2.6288062042176912e-14	5.672687072259229e-11	TRUE
A_23_P395001	14.347131126662589	0.005105124711394419	0.04099073437906223	2.757542208231025e-13	3.6614535836852457e-10	TRUE
A_24_P937904	9.405316852305285	0.004993763657903149	0.04098780676013165	4.602009728518368e-6	5.212220963239035e-4	TRUE
A_32_P207096	33.28542092965815	0.004799746317070073	0.04096318793664437	1.5360736958954252e-6	1.8202029344425557e-4	TRUE
A_23_P94517	21.757644206213314	0.004233639469800307	0.04084527592806059	3.810677446970568e-15	1.3019814610482773e-11	TRUE
A_24_P915276	7.6411131412533235	0.004130881068395788	0.04084683498564583	3.1471466715507176e-4	0.02510369913104658	TRUE
A_24_P823033	5.756955893671516	0.004060792708072502	0.040811000460244024	2.071650829444525e-8	3.241896336153646e-6	TRUE
A_24_P931306	9.8824880067020775	0.0038616042449441724	0.04079040055527408	2.3370067830710985e-10	7.314296038619469e-8	TRUE
A_24_P100382	2.913794315481803	0.003746464177341439	0.04075585534748601	1.2882067381752048e-5	0.00134393069377057	TRUE
A_24_P782102	13.797200390337608	0.0037238895463402237	0.04076364449459023	3.399597196978008e-13	4.0995142669440685e-10	TRUE
A_23_P388331	8.746231387174541	0.003692785188416088	0.04076317936896895	3.404290306081797e-10	9.934176763026027e-8	TRUE
A_23_P433586	59.373596184597616	0.00360027165005762	0.040783084791689315	1.0764745105659573e-4	0.009657648781882768	TRUE
A_24_P927786	40.674817038822574	0.0032873999930562586	0.040721507110916044	2.76841612424982e-13	3.6614535836852457e-10	TRUE
A_24_P100613	16.154169723395214	0.0031741517004411635	0.0407250181890592	1.1224124659910935e-5	0.0011868165966287493	TRUE
A_23_P345068	7.191038014858748	0.002724953533500851	0.04064870007938845	2.404464846258909e-9	4.606684985823143e-7	TRUE
A_32_P140521	7.203641142014555	0.0026856255159307253	0.040641974752577366	7.305695507963959e-10	1.8153546413728626e-7	TRUE
A_24_P230819	48.05554604717727	0.0025912486574395685	0.04066540705461381	6.08363549482448e-9	1.0569027766432359e-6	TRUE
A_24_P510138	8.946895238984606	0.0024514898899094125	0.040644790345823564	1.6444971448990376e-4	0.01416478633211356	TRUE
A_32_P198978	5.1963110908520145	0.002382865785574849	0.04061403689165583	5.147146886499197e-8	7.5639076109844835e-6	TRUE
A_24_P333644	7.9064207912081566	0.002349398933281712	0.04063452379840677	2.7977698341911933e-4	0.022624963156181246	TRUE
A_24_P913087	35.413244492650264	0.002175675333483078	0.04062926867963633	1.0652432960642597e-7	1.4755059168457652e-5	TRUE
A_32_P169003	7.605742262223348	0.0020689434240130575	0.0406166834049881	4.1074062190753484e-4	0.0320768866632551	TRUE
A_24_P400604	33.97924097686094	0.002014667327860578	0.04061905902907822	1.709845997362179e-7	2.2614092223177206e-5	TRUE
A_24_P31875	12.871860729814236	0.001998424578361799	0.040614367426695205	3.44672495621667e-5	0.0033646600763067493	TRUE
A_24_P156153	8.360768844762895	0.0019056973259445795	0.04060545563153002	1.6912392981388366e-4	0.014476161007033883	TRUE
A_32_P111769	30.08202808835693	0.0018637850654422987	0.04060627622353695	6.784110928903742e-5	0.006321557911023941	TRUE
A_24_P931699	14.50483221510749	0.0017444279943573233	0.04059729076757101	2.5932886548533822e-5	0.0025869789500970477	TRUE
A_24_P76575	33.096055272574574	0.0017205078323307885	0.040594409210727496	6.232422010554852e-8	8.934590994152062e-6	TRUE
A_23_P70634	8.466005551332875	0.001684140348192043	0.04059080244599473	3.393221811386977e-4	0.026805798509993463	TRUE
A_23_P406242	7.112216913841833	0.0014957401507268064	0.040572513450607785	2.005138478325612e-4	0.016777689308438794	TRUE
A_24_P376760	11.990140534047837	0.0014668762797909298	0.04057379018911955	4.91514270138523e-5	0.004622037861394368	TRUE
A_23_P251974	28.8923813635679	0.0012993157411570087	0.04057608632377889	3.8198202057857417e-7	4.804068356969798e-5	TRUE
A_32_P56397	6.602130284938439	0.0012345080918002274	0.04053927304606788	1.1984251931132192e-9	2.6704039629153254e-7	TRUE
A_24_P314583	137.56502645590476	0.001165904455967153	0.040571796139878664	5.95238182868957e-4	0.045027242615548406	TRUE
A_24_P932822	76.95734752442462	0.0011522825085068505	0.040568622959644425	5.5830369710702385e-8	8.146068178429886e-6	TRUE
A_24_P92381	13.486570452574515	9.726424409337726e-4	0.04053988107042492	1.2588496689990872e-12	1.2903209107240643e-9	TRUE
A_24_P924290	23.44668092088416	9.252089161965303e-4	0.04055867199338801	9.131623386437665e-7	1.1044146278582428e-4	TRUE
A_24_P481411	6.968408266788463	8.141079756070126e-4	0.04055074711582784	6.176397683765388e-4	0.046550056072496494	TRUE
A_32_P211418	15.513219635191737	7.432676025169509e-4	0.04055489968276164	1.0969690050226245e-5	0.0011651743317597826	TRUE
A_32_P235321	9.778444038855577	7.231614509212714e-4	0.040555386314246385	1.8759832433369722e-4	0.01582619608576458	TRUE
A_23_P66732	80.92850124498766	6.550927630856715e-4	0.04055523504214645	1.8322276800258244e-10	6.260111240088234e-8	TRUE
A_32_P235274	17.00156940591477	6.207829314891594e-4	0.04055359039232615	1.2661709843631979e-5	0.001324311488747222	TRUE
A_23_P426681	10.230945127467495	6.061987862135314e-4	0.04054680566322433	7.217917811242302e-5	0.00666519437524627	TRUE
A_23_P402279	21.510837729798542	5.813979279032695e-4	0.04055127036699478	1.8231020366486129e-6	2.1540975072793407e-4	TRUE
A_23_P327183	180.10788508029046	2.9332758899082396e-4	0.04055157999903528	1.1505697594298137e-7	1.5777043523953967e-5	TRUE
A_24_P775812	36.386487697200536	2.585988742530327e-4	0.04055203163319284	1.2134707422100179e-7	1.6584100143536908e-5	TRUE
A_24_P934622	17.80002981637727	2.0221055914595965e-4	0.04054917997485733	5.731098072453035e-6	6.437671807412999e-4	TRUE
A_32_P172534	74.128256383162	1.8754596264578742e-4	0.040548170962924686	4.523565338407626e-9	8.098959776188326e-7	TRUE
A_23_P205348	29.047946294012764	1.4388049153244825e-4	0.04055192738648419	5.681884479516114e-7	7.01678505000484e-5	TRUE
A_24_P218905	13.024188275251438	1.3911362831397648e-4	0.04053608471070315	7.547222297050137e-7	9.209408160090941e-5	TRUE
A_23_P40527	86.17221653161617	-8.956214745429168e-5	0.040552694107550795	1.3356509341562451e-10	4.877482548852136e-8	TRUE
A_24_P376589	91.73040319256485	-9.123200908014821e-5	0.040550103437039124	2.57867010149023e-10	8.009505618265108e-8	TRUE
A_24_P928920	24.598820972003015	-1.1765658731701959e-4	0.040551347541717055	8.1873713838467e-7	9.960896935837231e-5	TRUE
A_23_P401024	78.72781583643543	-1.5106887788090493e-4	0.040551029738653	1.1243756660336606e-9	2.5610779059655605e-7	TRUE
A_23_P164504	64.41602835365495	-2.3381885413836066e-4	0.04055437682309616	2.35092304689328e-9	4.545017866317696e-7	TRUE
A_24_P119413	12.364439957099423	-2.3607136363576532e-4	0.04054865753847568	3.7259495536368575e-5	0.003577609641665367	TRUE
A_23_P28258	30.105281721740116	-2.834296344215675e-4	0.040551734351119244	1.7004228983109673e-7	2.2590961501491675e-5	TRUE
A_24_P265376	52.348184658083454	-2.8886954569909515e-4	0.0405529801875168	2.250128303039535e-9	4.3722872239156843e-7	TRUE
A_24_P614702	19.92329022770367	-3.100063116952047e-4	0.04055210470942452	2.9140487925556387e-6	3.3750282625644406e-4	TRUE
A_24_P282383	18.029103362334908	-3.1140095739404494e-4	0.04055239836760966	7.147611556537081e-6	7.898977730943944e-4	TRUE
A_24_P179203	16.837114720905653	-3.445085671110549e-4	0.04055220000697113	6.531308242384316e-6	7.257009158204796e-4	TRUE
A_32_P96564	23.143490194888987	-3.50448227340783e-4	0.04055415188784612	1.51774713867578e-6	1.8036994981364342e-4	TRUE
A_24_P928627	10.911531253620904	-3.5232809908055106e-4	0.040550169531062975	6.996910946885899e-5	0.006475696361677694	TRUE
A_24_P21507	9.803555180123968	-3.5831166606492125e-4	0.04054930488099227	1.0869877276110716e-4	0.009709476433998679	TRUE
A_32_P53093	13.97420393230457	-3.816934107071403e-4	0.0405525044937861	2.2498663496668774e-5	0.0022553672453873345	TRUE
A_24_P820201	25.082374331314735	-4.130697512899268e-4	0.04055565159330338	9.79694559672363e-7	1.1779318752658911e-4	TRUE
A_32_P52519	51.91549519283681	-4.524469121903094e-4	0.04056132043413355	2.561223581035378e-4	0.020918359924790932	TRUE
A_32_P234378	88.29575551344799	-4.676048836122293e-4	0.04055939203581907	2.0588797016292925e-10	6.807586110225887e-8	TRUE
A_24_P861622	74.60477748862289	-4.7126167930183706e-4	0.04055883469949008	5.805635675104994e-10	1.5416589320468502e-7	TRUE
A_23_P402919	9.316592039460213	-4.7599585501889173e-4	0.04055423568730815	2.1848903108124515e-4	0.01820004183526617	TRUE
A_23_P76298	54.561454595280296	-4.7906260940184007e-4	0.040557344292069836	3.2994886832568575e-9	6.093650270879783e-7	TRUE
A_24_P390395	91.23546240064131	-5.044952123748412e-4	0.04056123089218989	1.5320244350176936e-10	5.462000159628299e-8	TRUE
A_24_P374572	107.03449356230703	-5.657540846463417e-4	0.04056192835132337	3.764861545084507e-11	1.754083219868918e-8	TRUE
A_24_P536218	18.658722934953364	-5.917040058321553e-4	0.040558276578597306	2.442620063643837e-6	2.853202923344653e-4	TRUE
A_32_P516804	10.560459323259362	-6.187785791299101e-4	0.040561260484082984	8.271832458758995e-5	0.007519847689780904	TRUE
A_24_P916992	8.181467137361183	-6.215261586767715e-4	0.04055888589332733	4.902545629004174e-4	0.03785393046877046	TRUE
A_32_P16736	127.61553011867429	-6.215539210653424e-4	0.04056358468782405	7.369756938862985e-6	8.057600919823529e-4	TRUE
A_24_P274987	75.09615792850732	-6.50047455600644e-4	0.04056500594792804	9.6582089138678e-10	2.2372122342857616e-7	TRUE
A_32_P24080	127.29827263237074	-6.862743863688196e-4	0.04056952162645014	8.021625751631762e-5	0.007324869840020094	TRUE
A_24_P912968	8.745290731790602	-7.038330989592379e-4	0.04056000506692635	1.8321842436062535e-4	0.01548856783254771	TRUE
A_32_P233877	11.000404654803475	-7.174240610578222e-4	0.0405643063868467	1.5043764140149703e-4	0.01306767647767241	TRUE
A_24_P170234	18.901653547350573	-7.19666658493863e-4	0.04056395668586841	4.366539862254334e-6	4.97300373201188e-4	TRUE
A_32_P426675	8.594549183516309	-7.20437347723568e-4	0.04056111182947493	3.259677739184899e-4	0.025950832486714735	TRUE
A_24_P919629	15.802039601537794	-7.380719691166114e-4	0.04056484020946708	1.7521183651044046e-5	0.0017869863922706614	TRUE
A_24_P337239	96.46916255100828	-7.649982098241853e-4	0.040569480049627224	1.3748007026291581e-5	0.0014306301727866873	TRUE
A_23_P203773	5.670017161172835	-7.727144425034338e-4	0.04055161452609926	3.1188402474123723e-4	0.024975087918731886	TRUE
A_23_P351	60.14155154372008	-8.034193600279209e-4	0.040569404852650176	1.9896535321806183e-9	4.0073555710140965e-7	TRUE
A_24_P105648	66.38860621396763	-8.043793631960412e-4	0.04056686438050168	4.2760664269109885e-10	1.200813174680483e-7	TRUE
A_24_P927116	28.449177094521954	-8.06839767708692e-4	0.040569052208878874	2.478305598929594e-7	3.185283058185372e-5	TRUE
A_24_P230576	7.322946223952208	-8.08749273581733e-4	0.040562574113190024	5.966311905540047e-4	0.04504950057590091	TRUE
A_24_P921748	135.8984233047781	-8.136112678133605e-4	0.040570957974920135	6.248739295002956e-4	0.047008864421123155	TRUE
A_32_P43409	104.63468973913612	-8.309908063323864e-4	0.04057221789226829	6.034738551858624e-11	2.474242806262036e-8	TRUE
A_23_P147479	24.485693892954867	-9.165848865351356e-4	0.04057069780344251	7.382426239266854e-7	9.035208233132568e-5	TRUE
A_24_P923478	16.378263692786536	-9.223503339708528e-4	0.040574331265124844	1.7347871039879024e-5	0.0017737224753991022	TRUE
A_32_P137776	96.66420522378388	-9.323034684951037e-4	0.04057475487511409	7.948117183979814e-8	1.113282989074649e-5	TRUE
A_24_P366644	30.47714928903148	-9.678292773231444e-4	0.04057244390374123	7.954787207217273e-8	1.113282989074649e-5	TRUE
A_23_P394874	9.01451282701097	-9.989742578219957e-4	0.040574056629255895	3.3378179050661964e-4	0.026521421338704273	TRUE
A_24_P457628	41.59847296423263	-0.0010087225957952004	0.040576947750810936	2.2054913106121393e-8	3.438218392969495e-6	TRUE
A_24_P153587	173.7938071549903	-0.0010174578484232113	0.040580728403665875	2.192883089419875e-4	0.01820004183526617	TRUE
A_24_P914782	13.092755439945014	-0.0010817053690463808	0.040577985813656285	2.6388708603259764e-5	0.0026260608076059473	TRUE
A_32_P160388	91.41920273872351	-0.0010853225846140042	0.040580768356509395	9.554795079982513e-11	3.73091998361222e-8	TRUE
A_23_P356154	23.63014282183483	-0.0011020000963081252	0.04058451614232962	1.918636491776399e-6	2.260462533414723e-4	TRUE
A_23_P88776	18.54958269037368	-0.0011892407133513403	0.04058576085564598	8.470572340692637e-6	9.139301736010476e-4	TRUE
A_24_P385000	95.45362819802247	-0.0011901162462286494	0.04058627218525938	1.8665419800256917e-10	6.324646378599452e-8	TRUE
A_24_P316601	99.77343069976773	-0.001207339980576437	0.04058607988435442	1.657739430689003e-8	2.654973306962856e-6	TRUE
A_24_P460405	82.13508378328787	-0.0012143792854489527	0.040592158917506414	3.933331677470509e-4	0.030893984439902464	TRUE
A_32_P113812	73.67323906021511	-0.0012234463053057095	0.04058959348214724	5.865824229251431e-10	1.5416589320468502e-7	TRUE
A_32_P475462	106.85125399786634	-0.0012480491375588072	0.04058913036623173	1.6155437839715585e-9	3.3794538338180557e-7	TRUE
A_24_P925516	107.56400254774817	-0.0012506423331802264	0.040590475044206056	2.9160334246523034e-11	1.4667368481007e-8	TRUE
A_24_P922139	60.885930394070606	-0.0012618085233088991	0.040588596286476215	1.0190409453058854e-9	2.334116131706218e-7	TRUE
A_24_P920148	94.31216298663713	-0.001277505574142508	0.04059011676371366	1.9514179945258557e-9	3.9607988997802024e-7	TRUE
A_24_P911395	160.97266685294636	-0.0012789178605804637	0.04059240301661051	5.073264861078693e-9	9.004496073776035e-7	TRUE
A_24_P669023	90.07533544438182	-0.0012795211463255986	0.040598142966204245	6.412365138400004e-4	0.047975724575620465	TRUE
A_24_P33965	122.50892279421072	-0.001280966637024823	0.04059534558457258	1.5869592101087032e-5	0.001638925128827628	TRUE
A_24_P928713	20.253620156634472	-0.0012903459363093636	0.04059273656284093	4.7186285181205424e-6	5.329580419915764e-4	TRUE
A_24_P211420	38.20649980320367	-0.0013535395692297627	0.0405975230071075	2.6374893435910387e-7	3.379283221476018e-5	TRUE
A_24_P74088	49.174454202007034	-0.001356704541982145	0.04059095803280731	3.4229565844739494e-9	6.265233034081782e-7	TRUE
A_32_P335921	18.67765060661308	-0.001373482858324566	0.04059628107647479	8.365140026135418e-6	9.073300028347941e-4	TRUE
A_23_P301886	69.03642268706119	-0.001407635971563329	0.04060024152930732	1.5576384784839108e-9	3.2919163720536256e-7	TRUE
A_24_P136522	30.727007575689882	-0.0014138696448436144	0.04059687136740518	1.5591511535563467e-7	2.102802542625336e-5	TRUE
A_24_P763407	82.42456246721035	-0.0014191072147748457	0.04060154624754905	3.0918888567615045e-10	9.186046603421861e-8	TRUE
A_24_P910483	17.808007497795405	-0.0014256754231316666	0.04059882318884629	9.724917210669829e-6	0.0010410485786878929	TRUE
A_24_P242581	60.055190885386736	-0.0014276370353849838	0.040602814006221816	1.0280437113761644e-8	1.6995883938073684e-6	TRUE
A_24_P78556	317.21208426935743	-0.001427795580235924	0.04060502884456093	1.7968874997841433e-5	0.0018190712960777747	TRUE
A_23_P140342	14.292832221885693	-0.0014606055148375441	0.04060138262735477	3.66703194753072e-5	0.003529303048092946	TRUE
A_23_P317820	90.25722468708487	-0.0014610217962909664	0.040604702065793745	5.189168019805935e-4	0.039916677075430264	TRUE
A_32_P932089	77.2901517513364	-0.0014612755505408774	0.04060132235548576	2.8011200220346594e-10	8.507105252105262e-8	TRUE
A_24_P411515	32.03125434098593	-0.0014659084693037948	0.04060112507196871	1.7025870985270555e-7	2.2590961501491675e-5	TRUE
A_32_P501366	88.697526944313	-0.0014767975723658088	0.040607045587210226	2.9786611214739417e-4	0.023899237960945518	TRUE
A_24_P231361	36.104046188465425	-0.001480666068862451	0.040605360512305844	2.357388030216855e-7	3.0393996616003474e-5	TRUE
A_24_P833211	90.35639247659773	-0.001487571613555983	0.04060323546499369	3.811579026084268e-5	0.0036512789735853968	TRUE
A_32_P152603	11.400554051300338	-0.001491641397758915	0.04060392261010159	1.0083047320594416e-4	0.009085822860315848	TRUE
A_24_P662646	114.90301164339073	-0.001494791268931443	0.04060407331259716	1.6329957094276317e-9	3.398620512006746e-7	TRUE
A_24_P92752	136.45044944561448	-0.0015043179480559354	0.04060798158852411	1.2136934019379714e-5	0.0012759340892168416	TRUE
A_32_P737629	124.50511043372025	-0.0015198458784476466	0.04060930338419397	1.0852832415378064e-4	0.009709476433998679	TRUE
A_23_P392738	50.860793726441514	-0.0015355172223148537	0.04060454829840843	3.1356105754456765e-9	5.843637890603307e-7	TRUE
A_32_P90385	51.04404792441983	-0.0015362021943872573	0.04060601513789055	5.549487568716071e-9	9.765192717483216e-7	TRUE
A_23_P342585	12.955904063508367	-0.0015399684582344982	0.04060281909099714	3.1594512193972845e-5	0.0031064148679925342	TRUE
A_23_P356667	114.68245521704458	-0.0015482617582537504	0.04061055104513076	4.4895752442947655e-11	2.0227756595174218e-8	TRUE
A_32_P151325	53.59848379255835	-0.0015536193204478237	0.040607067921998405	2.1021930025068634e-9	4.165719509029746e-7	TRUE
A_32_P47474	114.98220669548908	-0.001559600298252215	0.04061329845372717	1.2758498708028345e-4	0.011298022614020782	TRUE
A_23_P385790	67.38741530799247	-0.0015625802348181335	0.040607660448367805	5.58583961871708e-10	1.4968589827934658e-7	TRUE
A_24_P832270	270.25664470802826	-0.0015825499408053476	0.040613742139283475	3.8796423404389125e-12	3.313861165791571e-9	TRUE
A_32_P224566	14.67329401773035	-0.0015913506013607523	0.04060579474123157	1.5412019877370147e-5	0.0015956889266974142	TRUE
A_32_P202082	107.48147930740579	-0.001591801149805044	0.04061314749046303	6.976626100070668e-5	0.006471530997803108	TRUE
A_24_P772436	129.51999278925672	-0.0016012600300205236	0.04061525316256454	1.811444417058146e-11	1.0728647714881297e-8	TRUE
A_24_P91832	78.66029824512921	-0.00160649773419339	0.040610977599849045	3.937149755347382e-10	1.1288331466380607e-7	TRUE
A_23_P92909	52.4642445500097	-0.0016161830171146359	0.04061097118183155	3.600185011383432e-9	6.531309091447819e-7	TRUE
A_24_P337846	50.07262662333625	-0.0016212277149855567	0.04061286848579388	6.162989724545642e-9	1.066171218170343e-6	TRUE
A_24_P482491	40.75251067805707	-0.0016213202864644714	0.040613679049773733	4.061879023851723e-5	0.003872954418091178	TRUE
A_23_P393172	39.63370857848431	-0.001625041795559892	0.04061660688425416	1.2995047998491836e-7	1.7700895944789543e-5	TRUE
A_32_P213881	15.211504976148507	-0.0016514624226597915	0.04057805544560684	1.5636308385137762e-15	7.017010222126209e-12	TRUE
A_23_P89327	119.82601405943642	-0.001704547540354245	0.04062373397237622	2.85029354459788e-4	0.02295914250069019	TRUE
A_23_P510	40.91379294156346	-0.0017057494700806856	0.040617184653897645	1.0353989318550115e-7	1.439029023934084e-5	TRUE
A_23_P340010	106.04251840744068	-0.0017284981612988015	0.040623150582428394	7.551904742367369e-11	3.0060980042433215e-8	TRUE
A_24_P531133	216.38034264024725	-0.0017517613947386611	0.04062374004470406	1.4467329422737418e-4	0.012647345550793904	TRUE
A_23_P9565	71.54009214615613	-0.0017607066758443541	0.04062603504985299	9.204375679763635e-6	9.90497120394512e-4	TRUE
A_32_P163046	90.40776892880034	-0.0017637454534768122	0.0406246803956592	1.6431302132360764e-10	5.7579776703144554e-8	TRUE
A_24_P792124	13.150839926382227	-0.0017696314483441895	0.04061950504092399	3.133419742955173e-5	0.003088226188970243	TRUE
A_32_P45462	44.45482321949543	-0.0017713098019571899	0.040625587701101334	2.9848638528456585e-8	4.566396192786268e-6	TRUE
A_24_P931079	13.563123103646108	-0.0017738735281975278	0.040619015416742586	2.2060545760504398e-5	0.0022168685690702947	TRUE
A_24_P921412	82.56638200206265	-0.0018006649140585916	0.040623978486251294	4.220600964624859e-10	1.1934113072387531e-7	TRUE
A_23_P123704	40.05927764033948	-0.0018093894210010827	0.04062536802532967	3.3099098170310727e-8	4.989202297730661e-6	TRUE
A_32_P9337	90.13462641901775	-0.0018175283505398121	0.040632902652884446	2.3250495420739858e-4	0.01916057892244134	TRUE
A_24_P903049	62.448288840511715	-0.0018252028501657151	0.04062763966563215	1.4760999233150228e-9	3.152088377912288e-7	TRUE
A_24_P352952	70.40183757169656	-0.0018417713624985553	0.04062723985908455	7.314490551532646e-9	1.2392318703009854e-6	TRUE
A_32_P441305	56.636730027936764	-0.0018526506108116193	0.040631870039893506	4.658804570278214e-9	8.304825538322034e-7	TRUE
A_23_P159595	27.169573070806578	-0.0018656428880901345	0.04062410918052692	2.960913256496895e-7	3.7701069415022575e-5	TRUE
A_24_P632835	112.5771728954336	-0.0018729989138845016	0.04063403603114165	2.2280199259739667e-11	1.20195811795964e-8	TRUE
A_23_P134601	6.6572877159402655	-0.0018835500501566235	0.04062450433660845	5.568582592112165e-4	0.04259550117100724	TRUE
A_32_P370026	49.800815076056644	-0.001884435690544168	0.04063641466556399	2.8354223222289565e-8	4.354019296306637e-6	TRUE
A_24_P756672	32.05002507185113	-0.0018863817693858956	0.04063577125802302	4.316037297892379e-7	5.378648304364363e-5	TRUE
A_24_P791913	196.5567168618608	-0.0018941531292865975	0.04063383008292773	6.100481369343577e-10	1.573080101528847e-7	TRUE
A_23_P80662	118.45443069680752	-0.0019031932608761129	0.040639031674052764	8.43225598685952e-6	9.121965579452253e-4	TRUE
A_24_P935159	138.78355415947001	-0.0019049190140608824	0.04063592480060827	5.885842863403461e-11	2.4624444632606317e-8	TRUE
A_24_P940290	49.10663646112502	-0.0019215454239730168	0.04063697267366423	1.98384567991272e-8	3.12837203370852e-6	TRUE
A_24_P941185	113.36228809462489	-0.0019357582074079195	0.04063615520728749	1.4479359327969333e-9	3.108134724852056e-7	TRUE
A_23_P155796	32.030056597711685	-0.001950887227422381	0.04064245646027964	1.0289081773511783e-6	1.233486411444395e-4	TRUE
A_24_P933613	113.21770413131492	-0.001954897734370224	0.040642020428609725	1.2114110066578953e-4	0.010797358972385589	TRUE
A_23_P395582	16.899192858659514	-0.001966630235752489	0.040639704820999406	1.7848563125105356e-5	0.00181585877947722	TRUE
A_24_P563656	145.93556169623002	-0.0019971690517029393	0.040644788680763995	5.207618414913783e-12	4.125135484948623e-9	TRUE
A_24_P941322	144.18981258040867	-0.0020068449305163847	0.04064428094309811	7.760315235536225e-10	1.8826800275561256e-7	TRUE
A_32_P25118	8.837650012779111	-0.0020212051705716405	0.04063828968141685	2.3273093422867774e-4	0.01916057892244134	TRUE
A_24_P915225	76.61492854590445	-0.0020275090461384505	0.04064233649366317	1.2269686282412381e-8	1.9962584824559826e-6	TRUE
A_32_P169505	166.7126999611514	-0.0020359203157774945	0.04064639633291964	1.2682256709569432e-10	4.727022955384971e-8	TRUE
A_24_P349264	108.77206574755505	-0.0020412525449483116	0.04064699187771546	2.754682232824534e-11	1.429645209440581e-8	TRUE
A_24_P756682	17.648350488673422	-0.002044761095380841	0.04063967144717077	2.976773046147355e-6	3.437963236395537e-4	TRUE
A_24_P459182	145.40511787382707	-0.002059497007807681	0.04064865003063934	1.3157512108159658e-9	2.8848021199708343e-7	TRUE
A_23_P412990	87.48366428276968	-0.00207347059081035	0.04065268133134944	7.200861565383599e-10	1.8002153913458998e-7	TRUE
A_24_P153215	60.81250420272715	-0.0020919086014426795	0.0406510628411253	1.8001711579729153e-9	3.708895350597464e-7	TRUE
A_23_P158537	34.46626214600753	-0.0021136811026565383	0.04065389485539212	1.6615003431143944e-7	2.218941826309126e-5	TRUE
A_24_P680908	104.97043957564563	-0.0021142659838453335	0.040651485896558086	1.9828861552707323e-10	6.609620517569107e-8	TRUE
A_24_P894345	20.908203641316984	-0.0021147748513563043	0.04065119538562698	3.2618878943889003e-6	3.756668642414183e-4	TRUE
A_24_P925490	212.4846280002105	-0.0021149238634336214	0.04065546402773916	7.460572271582803e-12	5.366376546226227e-9	TRUE
A_24_P634688	45.742742667645594	-0.0021172841213586984	0.040646386850899614	1.641337248131369e-7	2.19917735860739e-5	TRUE
A_23_P74068	82.70262453082088	-0.0021241178190785017	0.04065549645384405	5.099454587971167e-10	1.403205624877972e-7	TRUE
A_24_P384823	46.95931032586346	-0.0021269466969240525	0.04065356520474875	1.72065405972752e-8	2.745012313183981e-6	TRUE
A_24_P911281	69.87195265234804	-0.0021323885693480126	0.04065650779755817	1.489018384229161e-4	0.012961731157833462	TRUE
A_32_P182055	125.59679654743314	-0.002140096535780546	0.04065585766626001	2.969247765667271e-11	1.4667368481007e-8	TRUE
A_32_P228167	213.3143275366318	-0.0021459996491841266	0.04065702805789838	4.023171011695233e-9	7.266520329493592e-7	TRUE
A_24_P920483	2.0871770899241704	-0.0021479495629171206	0.04060293071508498	3.13224784645471e-4	0.02503355978648014	TRUE
A_23_P93058	124.07122895654273	-0.0021500031820861055	0.04065901721058733	2.9542100817892925e-11	1.4667368481007e-8	TRUE
A_24_P927770	38.04400267791079	-0.002150873512930955	0.04065301047068753	3.2005003617319384e-8	4.860019067815166e-6	TRUE
A_24_P205195	257.3258721439926	-0.0021537515524467383	0.04065915581220418	2.1243134471704207e-10	6.88951627981111e-8	TRUE
A_24_P529627	432.4502469374701	-0.002154126131047929	0.040658709514845244	6.104743842526597e-8	8.813186533225017e-6	TRUE
A_24_P933310	173.5783612392883	-0.0021582979391821856	0.04065765619868373	2.0632243768793064e-9	4.1264487537586126e-7	TRUE
A_24_P599237	70.72485619928524	-0.002159528193463332	0.04065456331112383	1.3995649834957746e-9	3.036093350440569e-7	TRUE
A_23_P9075	101.87303891395776	-0.0021616679717240874	0.040657604685149784	4.645501703127765e-11	2.0401661209486548e-8	TRUE
A_24_P25285	51.287483279014836	-0.0021642500858839544	0.04065345352392715	1.793277966586183e-5	0.0018190712960777747	TRUE
A_24_P943129	115.642974393975	-0.002171254686038097	0.04066063739134658	4.8218755962842874e-11	2.0810199941858504e-8	TRUE
A_24_P51184	328.0246765008122	-0.0021752009344812137	0.040659743067052674	3.363030689104346e-8	5.05070543052301e-6	TRUE
A_23_P375121	68.59066565893654	-0.002177073289233278	0.040661771442040875	1.9056899452284866e-4	0.016043796253463645	TRUE
A_23_P163075	46.51251163246472	-0.00217789277715644	0.04066002531833003	2.2187677176017502e-8	3.4458135008209002e-6	TRUE
A_32_P85495	114.5465199710643	-0.002178204748609105	0.04065859519755921	2.817226065267234e-8	4.3423409276675406e-6	TRUE
A_24_P332043	127.02763322057272	-0.002190448985497056	0.04066073485028751	1.2033959776127744e-10	4.568447692789236e-8	TRUE
A_23_P402187	123.04924124682522	-0.0021909648644850093	0.04065994740544923	3.651984937005502e-11	1.741062586246809e-8	TRUE
A_32_P87955	136.9240444590834	-0.0021923295827925454	0.040658228211736196	1.91629106802221e-9	3.908852427308986e-7	TRUE
A_24_P918032	7.554583609350608	-0.0021980894068239316	0.04065431623299953	3.9850113550849906e-4	0.031240050776000883	TRUE
A_24_P450104	75.50508562696062	-0.0022036337205850495	0.04066129818573877	5.275363692172646e-10	1.432383519066745e-7	TRUE
A_24_P393181	38.35134321657502	-0.0022148424858764097	0.04066115741419907	6.536887668810281e-8	9.338410955443259e-6	TRUE
A_23_P161940	15.533047911612613	-0.002217015363967234	0.04066133162429	2.566199663252708e-5	0.002566199663252708	TRUE
A_23_P351913	69.80308490744916	-0.0022196092081969874	0.040662333827634053	8.17719554357575e-10	1.9606141361789808e-7	TRUE
A_24_P44780	29.084410229030357	-0.0022198921001221413	0.04066272148210081	4.042522562053963e-7	5.0531532025674534e-5	TRUE
A_24_P76821	33.77219131603347	-0.002222890610226811	0.040663733540761256	1.9596950244977774e-4	0.016430980777997723	TRUE
A_24_P924143	43.16523410289006	-0.002246001558539553	0.040666255042496297	5.8989683375478994e-8	8.57651424962638e-6	TRUE
A_32_P8147	48.43538811452796	-0.002249772467537094	0.040670759928105496	2.5835051802167543e-4	0.02101660960096963	TRUE
A_24_P745635	89.23349790602703	-0.0022616651630986313	0.040666648324624646	1.2187179406228306e-10	4.5841684005078955e-8	TRUE
A_24_P610405	140.22946199042173	-0.0022659927667451	0.040670061867038795	1.2116082951478067e-11	7.64245232324001e-9	TRUE
A_24_P374375	257.8996584375971	-0.0022801959398392807	0.04067175820358003	4.6138394531051807e-11	2.0401661209486548e-8	TRUE
A_24_P873291	74.9983127636947	-0.0022805595310242	0.040668177983771654	6.008525747650224e-10	1.5613073484529986e-7	TRUE
A_23_P86339	83.99524972264253	-0.0022987770631558956	0.04067681292891902	1.2545641322136568e-5	0.001315527606669052	TRUE
A_24_P924979	64.11173467007325	-0.0023209914094508796	0.04066927404131411	3.59089271791663e-8	5.353694597621158e-6	TRUE
A_24_P110503	110.38847943717101	-0.0023238438514714957	0.04067130700081063	2.775547549701814e-10	8.492346980430923e-8	TRUE
A_32_P108636	389.5294010003502	-0.0023288974346285683	0.04067890586806082	6.523398523014224e-15	1.7830622629572213e-11	TRUE
A_24_P912079	322.29917414144325	-0.0023292137255187463	0.040680533663171946	1.232765079483919e-4	0.010963854286082575	TRUE
A_23_P424793	79.00433022625906	-0.0023377822336964438	0.04067221666776654	1.5084609453223543e-9	3.2045025263324623e-7	TRUE
A_23_P96451	131.53513840638138	-0.002338781172280532	0.04068121351406675	1.6598638118782403e-4	0.014237325583056034	TRUE
A_23_P109720	151.82758233648403	-0.0023398478417091745	0.04067888531436617	1.6544751169130873e-4	0.01422085530260725	TRUE
A_24_P927011	131.13503793315215	-0.002355024464603093	0.04067688845884474	1.5989881405109368e-4	0.013830910076149453	TRUE
A_23_P64306	361.87772081702883	-0.0023556768401432524	0.04068002269935911	8.197770739082626e-9	1.3718718379689292e-6	TRUE
A_24_P938050	73.75245566975612	-0.002371947429045398	0.04067899323520681	1.1646649039293814e-9	2.609358527929215e-7	TRUE
A_23_P61919	163.00936768635827	-0.002379152699355969	0.04067950855780902	1.7880814582770081e-010	6.160616789021625e-8	TRUE
A_23_P406591	103.61934254690486	-0.0023834219314383437	0.04067879850363924	4.3502588877399464e-11	2.004051847161099e-8	TRUE
A_32_P87135	128.71593779181427	-0.0023838224186928866	0.04068107518095376	1.0747288772360946e-11	6.884981869793731e-9	TRUE
A_23_P341482	15.685509632420814	-0.0023864978780326804	0.04067530773778633	1.4722649405063039e-5	0.001528173735715404	TRUE
A_24_P273738	69.11134405953439	-0.0023878486858515324	0.040680967074961674	3.4721255936133433e-4	0.02737637487272059	TRUE
A_32_P99131	248.16488959849033	-0.002394486748249331	0.04068502406015435	5.80590241098188e-4	0.04400036947324531	TRUE
A_24_P645127	252.1238304343582	-0.002401749435737584	0.04068330923952125	4.477611346948664e-8	6.651524102351277e-6	TRUE
A_23_P74870	12.130920861427533	-0.0024165386859744094	0.0406820979715737	1.3162797519320334e-4	0.011581002109273255	TRUE
A_32_P195902	170.24440022591457	-0.0024192776160018624	0.04067922704013852	6.4703904728908286e-9	1.1099833028808534e-6	TRUE
A_24_P920610	46.97132470404635	-0.0024256175280299693	0.04068935449849474	1.313201336085538e-7	1.7828230059439424e-5	TRUE
A_24_P928133	112.68371531540176	-0.0024267393285628156	0.040679228859832654	6.72744178689708e-6	7.454732790885953e-4	TRUE
A_23_P47967	44.80022212922337	-0.0024366244974465927	0.040682892916753484	2.0418417647049585e-8	3.207490894747253e-6	TRUE
A_23_P22134	5.596740408192261	-0.002442284020848177	0.04065315159331293	2.62627892488401e-8	4.063299468688468e-6	TRUE
A_24_P576650	33.1639459782833	-0.0024423055609923985	0.04068516173296485	1.9052213525961936e-7	2.495657362825685e-5	TRUE
A_23_P318262	174.38991227150032	-0.0024431638979373876	0.04069078388510143	4.821562901739493e-5	0.004548251957055582	TRUE
A_24_P612890	112.99678144310923	-0.002452592125906782	0.04069072637487159	2.379013015603244e-4	0.01954700072940541	TRUE
A_32_P13056	137.6362187101761	-0.002452910445776279	0.04068862993652258	7.537420985968726e-10	1.8394896453852248e-7	TRUE
A_24_P574599	264.34229886949885	-0.002453019944548262	0.04068376932906931	7.217935826932133e-8	1.0204667893248878e-5	TRUE
A_24_P465280	7.995543773902683	-0.0024550067357288104	0.04068204943648647	4.3342085761759435e-4	0.03365578629227532	TRUE
A_24_P945276	70.58585335959	-0.002460152814987661	0.040693161788342105	3.3087020646028184e-7	4.174054912268171e-5	TRUE
A_24_P902345	308.0935800054156	-0.002463012860491785	0.040689692431996057	3.986982395544341e-6	4.5533782233236214e-4	TRUE
A_23_P10721	189.08460843536378	-0.0024673238539179307	0.04069124936512802	6.308780598739543e-4	0.047373627206652245	TRUE
A_24_P811397	189.1584451648151	-0.0024688334854478444	0.0406919212036697	3.381951306918552e-4	0.026768340460166143	TRUE
A_23_P326700	141.68469340853093	-0.002469329696503395	0.04069231993170788	1.726417467462972e-4	0.014715824566732193	TRUE
A_32_P188841	186.1672260436645	-0.0024696896022716624	0.040689623707878216	2.8057637672511974e-9	5.276895158591702e-7	TRUE
A_32_P148146	128.66830814482833	-0.0024712959041810483	0.04069067722304262	2.0929717698456656e-11	1.175504692653045e-8	TRUE
A_24_P806389	204.21704439469877	-0.0024720915032778283	0.04069375290827424	1.640516765875533e-5	0.001689979582937107	TRUE
A_32_P160561	73.02985798655185	-0.002477664157169446	0.040691837554750684	1.7461261248230194e-9	3.6157157130173633e-7	TRUE
A_24_P453865	88.35978951449744	-0.00248417120026803	0.040688986148264	1.366799850165527e-10	4.915683671647948e-8	TRUE
A_32_P139708	142.6198291137226	-0.0024878074735947505	0.04069022570321454	2.0291866198868407e-11	1.1555090474355622e-8	TRUE
A_23_P384176	193.56145875302192	-0.002490196616893003	0.04069156381290338	1.7214922342191694e-11	1.0379585529850875e-8	TRUE
A_23_P50031	86.65491122070497	-0.002500701178367759	0.04069039720613232	2.124397407808918e-9	4.18751412116181e-7	TRUE
A_32_P87013	238.2039829581989	-0.0025055417668978642	0.04069281074656348	3.225407561207129e-10	9.513792087013834e-8	TRUE
A_32_P33185	80.4594008826092	-0.0025091644202529925	0.04069468286171243	1.1550127223769277e-9	2.601951737222749e-7	TRUE
A_24_P933410	44.23748271659398	-0.002512562541684179	0.040691901778009854	3.2885912660975397e-8	4.975359480073768e-6	TRUE
A_23_P126582	213.67676154633995	-0.0025166513045597133	0.040696723245186604	5.060795761610582e-5	0.004748115016614047	TRUE
A_24_P402078	110.21427929413323	-0.0025210442387519558	0.04069264891491067	3.021195529677478e-11	1.4746311513901973e-8	TRUE
A_24_P937620	51.26770424038931	-0.002524003047415515	0.04069281883854696	9.809460188313877e-9	1.6282909624326678e-6	TRUE
A_23_P92972	110.78441239190302	-0.0025277517218704974	0.040696745727299824	5.413076344107641e-4	0.0414833888053109	TRUE
A_32_P86067	14.615314835615647	-0.0025317366191075124	0.04069260090685766	3.50004232838154e-5	0.0033927092166315355	TRUE
A_24_P113458	71.6789715681607	-0.002534118446881654	0.04069385497851654	4.38148652367671e-6	4.97620353104557e-4	TRUE
A_32_P195461	10.055649200846966	-0.0025421932209107123	0.040686934101343455	9.975237375688921e-5	0.009008474282009819	TRUE
A_23_P89192	26.45505196820307	-0.0025501577508791717	0.04069265968466891	5.039784924702398e-7	6.242633894646476e-5	TRUE
A_24_P676878	143.20237151675238	-0.0025509148685447054	0.040701794566591606	4.955191439184882e-7	6.156449969896368e-5	TRUE
A_24_P405705	122.26621134179459	-0.002555096508937539	0.04070131135065658	1.733144040860999e-5	0.0017737224753991022	TRUE
A_23_P114259	9.302102487764019	-0.0025567467526143857	0.04069411187291918	2.2924188298923662e-4	0.018949429843868347	TRUE
A_23_P417821	99.70008508549807	-0.0025658438416036595	0.04069721653757071	1.4070319490825257e-8	2.271193303637148e-6	TRUE
A_24_P935492	27.70247830754253	-0.002567159325695927	0.04069925148859012	1.314281788666505e-6	1.566440503933916e-4	TRUE
A_32_P85131	184.35878666677309	-0.002570575332486021	0.04070107976535749	2.10318033748575e-9	4.165719509029746e-7	TRUE
A_24_P937366	157.08615387935032	-0.0025724770478380097	0.04069968806583158	2.706808010523235e-12	2.41258974850984e-9	TRUE
A_24_P239407	227.18958444544256	-0.002575132362071932	0.04070159107749017	2.808066729590845e-4	0.022663530691579652	TRUE
A_32_P404549	147.44679389479646	-0.002575161565190275	0.0407007641950004	4.4904643560720965e-12	3.699479341876979e-9	TRUE
A_24_P21161	148.14563803838456	-0.002580399207177987	0.0407027467716686	1.3127135707745574e-4	0.011574463742313301	TRUE
A_23_P387624	118.1751495402175	-0.0025819178603498747	0.04070247404979049	2.6330478549761163e-4	0.021377220208716984	TRUE
A_23_P255457	72.09951383704183	-0.0025844123748175406	0.040699095960712174	1.2446219141659965e-9	2.758351269232749e-7	TRUE
A_24_P760368	120.47765565168818	-0.00258460362545538	0.04069899563128315	1.1100653549255847e-10	4.253521453453175e-8	TRUE
A_23_P396322	165.122546226929	-0.0025969274611045965	0.04070303441409933	2.0632025316487806e-12	2.014078661847619e-9	TRUE
A_24_P582056	193.79811558947534	-0.002613271144433891	0.040706920108361175	4.326788416392002e-4	0.03365578629227532	TRUE
A_24_P910080	156.8903022854104	-0.0026210086300377045	0.04070239480712242	1.9212328458930817e-7	2.5086161363572088e-5	TRUE
A_23_P407750	65.04256053875542	-0.002621942155127703	0.04070311250166975	1.385800103130909e-9	3.0222236291684716e-7	TRUE
A_24_P367762	27.40237042992804	-0.002623473824617398	0.040703572267775164	8.795588096176157e-7	1.066920449536161e-4	TRUE
A_32_P128006	152.80069818321144	-0.002630418992851281	0.04070851726684645	1.1231337548584261e-5	0.0011868165966287493	TRUE
A_24_P410878	166.25759722297332	-0.0026335350547257164	0.040706640744239776	4.71893582186166e-8	6.984706451130977e-6	TRUE
A_32_P1192	144.44054733274183	-0.0026345374429971587	0.04070719106675303	1.6059823474290672e-4	0.013862163419914053	TRUE
A_24_P374461	81.68339870681166	-0.002636049935893444	0.04070462096140598	1.938341524841085e-10	6.514098567088892e-8	TRUE
A_24_P85382	63.65003073262634	-0.002654426610281744	0.04071163598826636	2.6760507040600666e-5	0.0026566120790911074	TRUE
A_32_P124819	384.46577735012715	-0.0026568616689257394	0.04070572324128879	1.9843894274879666e-7	2.5828560802224324e-5	TRUE
A_32_P120043	42.815127062548015	-0.002658410587167945	0.04070402408658137	1.1794584971733633e-8	1.9266055133110715e-6	TRUE
A_32_P16918	93.0663212548141	-0.002660049120170635	0.04070989312338454	1.7700996366056576e-4	0.015025690497066658	TRUE
A_32_P64598	112.72517357686047	-0.002662726924397785	0.04070655304535864	1.724282281692367e-7	2.2731695675044067e-5	TRUE
A_24_P320410	133.06033890887858	-0.002663084896134223	0.0407120804484562	2.6137008058001284e-6	3.0357431455468913e-4	TRUE
A_24_P725998	144.21064177814327	-0.002667104643262519	0.040712069558146664	1.0112880061392753e-11	6.797181680608245e-9	TRUE
A_24_P945069	131.7069911234237	-0.002671732945903932	0.040709368046673675	5.799520243502843e-9	1.0118311914196449e-6	TRUE
A_24_P153611	192.6754836428644	-0.002671910826962739	0.040711472390854944	6.896966551091131e-5	0.006412145773123274	TRUE
A_32_P82204	58.40147753614974	-0.0026752989109899952	0.04071409731251536	1.2448181486643539e-4	0.011047087466501841	TRUE
A_32_P83434	251.15123790157259	-0.002677419253671141	0.040711479117505264	1.2983454295514793e-11	8.065479183577371e-9	TRUE
A_24_P49267	120.31885411683923	-0.0026787775813553434	0.0407114629251348	2.9421421986638275e-4	0.023652515714748416	TRUE
A_23_P152906	136.39147289747353	-0.0026811885383529687	0.040711025434851784	4.6245215131927614e-4	0.03577460038507608	TRUE
A_24_P215069	72.3529297837892	-0.002682350205978699	0.04071076322910587	8.593611245948494e-10	2.0366361912363482e-7	TRUE
A_24_P933530	55.56645159680452	-0.002689362545075726	0.04071239392343858	5.459853916034648e-9	9.64887976540606e-7	TRUE
A_23_P200024	122.14602211451735	-0.002691747900019289	0.0407117908038888	5.664733038350577e-4	0.04311472298262239	TRUE
A_23_P9496	67.9131293139923	-0.002692680538111454	0.04071327993147577	1.5899642812632045e-9	3.343001822143148e-7	TRUE
A_32_P464135	103.72383135898995	-0.002694888550399498	0.04071521553975547	3.5500682386984416e-9	6.469013234961605e-7	TRUE
A_24_P935163	276.5326035144163	-0.002700344210185516	0.04071370446231949	1.7836879566424818e-4	0.015109753351723503	TRUE
A_23_P355394	54.85506875507702	-0.0027110639556511312	0.04071212354027581	8.491113113113366e-9	1.4151855188522276e-6	TRUE
A_24_P552374	161.58109899027363	-0.0027147370232991487	0.04071537369996727	1.2970821508255924e-4	0.011461286246519242	TRUE
A_23_P367995	38.564448310678536	-0.0027291553429120577	0.0407163160437498	1.0906196896139832e-7	1.5005170226232656e-5	TRUE
A_23_P161135	209.95251299780793	-0.0027312413319908646	0.04071972275907976	5.610696094194659e-9	9.83070683170859e-7	TRUE
A_23_P361596	18.98245365504188	-0.0027382143470026034	0.040718471012595195	9.515112051507671e-6	0.0010212554819681008	TRUE
A_24_P246229	195.95376900096676	-0.0027427449901321586	0.04071755037232718	2.51995199638154e-4	0.02066360637032863	TRUE
A_23_P325122	18.059184512044713	-0.002743411981613421	0.04071454388500896	7.223254053743111e-6	7.961113338802891e-4	TRUE
A_32_P196380	131.4679743890072	-0.002750009720444289	0.04071668141945545	1.7833207916454707e-10	6.160616789021625e-8	TRUE
A_23_P166758	115.86205327385461	-0.0027511232256769496	0.04071923593037861	3.561941120360377e-5	0.0034443298569522517	TRUE
A_24_P326491	77.82945719267481	-0.0027567650969979106	0.04072152408685302	9.599412058097434e-10	2.2362266726249707e-7	TRUE
A_24_P400180	273.173443756297	-0.002757245737304317	0.040719661962221085	2.8428629746628284e-5	0.0028153956995453132	TRUE
A_32_P149546	64.70555900948484	-0.0027595640838836595	0.040717408354081136	1.312206219816681e-9	2.8848021199708343e-7	TRUE
A_24_P162273	77.12342744857543	-0.002762074287049168	0.040721360750765	9.123871203350736e-10	2.1498776973412655e-7	TRUE
A_32_P73143	74.65289882261483	-0.0027631067779855306	0.040718824158865775	3.9017198673299194e-10	1.1265529194403288e-7	TRUE
A_23_P134162	36.78516509432319	-0.0027643389019170114	0.04072164807949405	2.2061039293746772e-7	2.853320539569772e-5	TRUE
A_24_P169892	149.46749584068104	-0.0027643791912846417	0.04072115975593092	3.0143051226695682e-5	0.0029779881934807783	TRUE
A_24_P763361	90.58116920506917	-0.0027644295750495554	0.04072362539841788	5.845775901314926e-10	1.5416589320468502e-7	TRUE
A_24_P143324	8.932424763559782	-0.0027829179536906245	0.040713891493065896	2.147816621855684e-4	0.017934924948285753	TRUE
A_24_P932154	133.07088775768818	-0.0027886174578000485	0.04072599239222947	1.8975849846940267e-11	1.0957885122881e-8	TRUE
A_24_P118719	39.572610357069976	-0.00279290351312272	0.040722369799289226	5.946351914983944e-8	8.614856131248823e-6	TRUE
A_24_P600371	44.52080366441052	-0.002797607684866229	0.040726052238555396	7.58225315660133e-5	0.006954639360641041	TRUE
A_24_P922613	37.89898773438519	-0.0027999759687680967	0.040725767535327986	1.778508379747094e-7	2.337142422103553e-5	TRUE
A_23_P20704	266.5780291710283	-0.002802761143349095	0.04071976179952284	7.955900385338346e-8	1.113282989074649e-5	TRUE
A_24_P650562	70.33896156138309	-0.002804478278046489	0.0407259421282108	5.2070223798527846e-6	5.865052680603411e-4	TRUE
A_23_P323872	197.90752543116588	-0.0028047198377944265	0.04072775960397699	5.329793810486991e-13	6.243472749427618e-10	TRUE
A_24_P794189	117.69732448982455	-0.0028050758737818474	0.04072412501546528	2.492620374663686e-6	2.903336231852589e-4	TRUE
A_24_P463517	56.716067863587284	-0.0028105046568940614	0.040724883343452735	4.488541444483351e-9	8.071499965956904e-7	TRUE
A_32_P221717	42.291095269001936	-0.0028127935617090526	0.04072579593303874	5.249204058093734e-8	7.686334513637253e-6	TRUE
A_24_P926719	51.34193954302149	-0.002817758277828284	0.04072684491226218	1.4642608586036341e-8	2.3543017726568234e-6	TRUE
A_24_P925940	99.69989611805073	-0.0028245628325751096	0.04072543618442627	3.361994597321618e-4	0.026661852706032173	TRUE
A_23_P158461	239.95365849427432	-0.0028264764671544146	0.04072696913537802	1.9421638857643425e-4	0.01631736051564304	TRUE
A_32_P61480	88.90920598196777	-0.002827944720383892	0.04072561320214934	1.0091116778327296e-9	2.3243583590529165e-7	TRUE
A_24_P915189	95.85270543381425	-0.0028289267159170703	0.04072772974529602	1.0511160941998262e-6	1.256436147585798e-4	TRUE
A_32_P10968	12.285948689865874	-0.002836902008122567	0.04072077157491665	3.50028292350034e-5	0.0033927092166315355	TRUE
A_24_P937936	92.66287251850491	-0.0028377751037237417	0.040728746448398356	2.1312701467841473e-5	0.002146979754745701	TRUE
A_24_P913292	78.84082706400866	-0.002845640478870962	0.0407283427467505	8.256331712232768e-10	1.9680790709392063e-7	TRUE
A_23_P376727	115.03943030133954	-0.0028494329206097766	0.040729874245096775	4.692504262947552e-5	0.004453534138445593	TRUE
A_24_P481263	94.33436174852451	-0.0028526828982134585	0.04073009388762812	2.0983834599202377e-10	6.88269774853838e-8	TRUE
A_23_P386310	49.43959327774562	-0.0028590939719641602	0.04073156776015266	1.794195851006548e-8	2.8512414686538162e-6	TRUE
A_24_P731845	330.57386212676	-0.002866781304027482	0.0407307913906697	9.564730606904581e-5	0.008656820196094654	TRUE
A_23_P313938	172.42318102900927	-0.0028710219328261363	0.040732704449197875	6.34775872971381e-9	1.0935214618414546e-6	TRUE
A_24_P484791	1.9299552858675117	-0.002872830445833913	0.04067695718250706	5.668008704300846e-4	0.04311472298262239	TRUE
A_32_P775679	61.664331096342	-0.0028765068068537813	0.04072974776689499	1.1479807823925558e-9	2.6003984573533033e-7	TRUE
A_32_P392636	60.73554659855344	-0.0028766015270353393	0.04073516443756792	6.551114117787169e-9	1.1191486617886415e-6	TRUE
A_23_P31996	97.34235576099594	-0.0028771212652577115	0.04073408630650035	6.302700875821274e-7	7.736848380499168e-5	TRUE
A_23_P312505	34.494132020285484	-0.002879982091348804	0.04073502021016158	3.0425882934997775e-7	3.862108979365042e-5	TRUE
A_23_P310921	350.25117052715456	-0.00288213816721209	0.04073379442265419	7.2819756534076875e-6	8.004316401869039e-4	TRUE
A_24_P83899	243.3128396974193	-0.0028904399766962554	0.04073256520166302	6.107784989366292e-6	6.823411023542723e-4	TRUE
A_23_P399864	53.683086476847606	-0.002894390858325089	0.040734034201064986	5.9365816371641774e-5	0.0055570741352450066	TRUE
A_23_P410040	96.01572380902199	-0.0029075933601979123	0.04073840379155776	1.344281775659247e-10	4.877482548852136e-8	TRUE
A_23_P127553	98.23442104300597	-0.0029084019516663587	0.04073210423379474	6.004564561935498e-11	2.474242806262036e-8	TRUE
A_24_P856164	544.7062462935862	-0.0029084070484537874	0.04073420273434185	2.570718349751887e-4	0.020954165475114785	TRUE
A_23_P47148	9.321809552599845	-0.0029120283565314954	0.040729478986939266	1.723639972728849e-4	0.014715824566732193	TRUE
A_32_P111306	117.715709810247	-0.0029185662858189003	0.04073966391094851	1.8317203415650996e-11	1.0728647714881297e-8	TRUE
A_23_P434416	171.04935149593075	-0.002919584410881371	0.04073480451484545	4.2523203028418304e-4	0.03314546243659982	TRUE
A_24_P916464	75.266293237563	-0.002925237224373851	0.040740162054902516	5.148710640622572e-10	1.4073142417701696e-7	TRUE
A_23_P252023	18.535601316992118	-0.0029280838818022477	0.04073580593836566	5.7704099885124025e-6	6.464120478934658e-4	TRUE
A_23_P328642	113.03249625367341	-0.002930336981262586	0.04073995976600591	2.1162298498441582e-7	2.74574126087375e-5	TRUE
A_32_P397824	18.176449027230007	-0.0029395160958304713	0.0407404038366852	7.85813214914597e-6	8.568707928590021e-4	TRUE
A_32_P149043	65.84712393420304	-0.002945622506491556	0.040742311109091205	2.1516870455724644e-9	4.210511318846035e-7	TRUE
A_23_P206819	153.69768026141125	-0.0029512128597847043	0.04074347851034865	5.258879223659447e-12	4.125135484948623e-9	TRUE
A_24_P924335	112.82435542315211	-0.0029526367420198447	0.04074335295013337	2.688064534662294e-11	1.4129569989891545e-8	TRUE
A_32_P797019	126.38670634843271	-0.002953066982026832	0.04074344115702243	9.901319513844826e-12	6.7659016677939645e-9	TRUE
A_24_P930829	23.959088129499055	-0.002954848414600715	0.040736894024723136	1.5104005351317966e-4	0.013092266795011345	TRUE
A_24_P854556	86.53003023317518	-0.0029575976437831828	0.04074377407857674	2.1340696769171002e-10	6.88951627981111e-8	TRUE
A_24_P213715	207.32734012524773	-0.002964927509181957	0.040742762377476385	6.478029606130714e-6	7.217369941613024e-4	TRUE
A_23_P396800	80.12290659577663	-0.0029705250689896455	0.04074515375463309	4.0680067792617105e-10	1.1582519302064593e-7	TRUE
A_32_P116606	79.46045959805149	-0.0029737037928325187	0.040744862664875925	5.157177543421602e-4	0.03974516527824919	TRUE
A_23_P46549	76.53267800938801	-0.0029740435829036676	0.04074397122278569	2.6025441223436758e-9	4.940014306300495e-7	TRUE
A_23_P83184	180.00532886693404	-0.002979998642553001	0.040744805081940144	1.9559932236556646e-6	2.2978716954120986e-4	TRUE
A_32_P438767	194.3365645902675	-0.00298014018322371	0.04074653457734255	1.5905083460935474e-13	2.32895864963698e-10	TRUE
A_24_P582206	78.4021376438544	-0.0029812511303856154	0.04074630519170768	2.9884796309623476e-10	8.94362517295301e-8	TRUE
A_24_P205252	19.029171615965247	-0.002981671356495487	0.04074633123245523	1.038498876153794e-5	0.0011059338681118326	TRUE
A_24_P177948	19.1049878555392	-0.002985572490563567	0.040746754297383496	1.0302047517616844e-5	0.0010999581984955484	TRUE
A_23_P51019	53.25058330830685	-0.0029867886556917468	0.04074726580739578	1.05728081336746e-8	1.7409041505247333e-6	TRUE
A_24_P242723	94.52324669059496	-0.003005900013269474	0.040749146149132054	8.238552567278897e-11	3.247890915946488e-8	TRUE
A_23_P124534	214.2354761301356	-0.0030059841625407675	0.040749418469555244	4.634293503221518e-14	8.636637892367375e-11	TRUE
A_24_P510896	75.5765022054897	-0.003012512679868975	0.04074976380665373	5.060081996668175e-10	1.4017794720499674e-7	TRUE
A_24_P942636	327.61475890986276	-0.0030125472486020135	0.040746325604474144	8.22681803509769e-5	0.007495545320866785	TRUE
A_24_P759822	78.9768800534182	-0.00301539583420765	0.04074917703905336	6.234450729555425e-10	1.5975779994485777e-7	TRUE
A_32_P140009	107.7457911985819	-0.0030160741602959394	0.040750340606628785	2.8815984509176014e-11	1.4667368481007e-8	TRUE
A_24_P489164	172.57234992851488	-0.0030192540908008255	0.040750857312574426	7.508753264135012e-13	8.10154957446146e-10	TRUE
A_23_P429601	177.1581019092169	-0.0030252761521377593	0.04075131078411993	2.1888599058055328e-4	0.01820004183526617	TRUE
A_23_P368862	16.648475940858912	-0.0030418988030268333	0.04074781871880496	7.366225821002413e-6	8.057600919823529e-4	TRUE
A_23_P372496	96.65791649196107	-0.0030465239507101553	0.04075370340955824	5.190731625282068e-11	2.2168749649642164e-8	TRUE
A_32_P82650	71.99984793326492	-0.00304795129493177	0.040753703764794695	6.016745391599361e-10	1.5613073484529986e-7	TRUE
A_24_P478388	115.92069197166892	-0.0030633994871907457	0.040755689914757046	9.887591646010621e-12	6.7659016677939645e-9	TRUE
A_24_P367439	435.73326501721186	-0.0030634997764705622	0.04074947025150423	6.373186640708577e-4	0.04776977189562188	TRUE
A_32_P18931	124.32842438391467	-0.0030636091861798906	0.040755740547011275	5.332492212250659e-12	4.125135484948623e-9	TRUE
A_32_P29140	48.826800805326315	-0.0030641383973470226	0.040755229601280314	1.126319775551674e-8	1.8471644319047452e-6	TRUE
A_32_P167352	72.96304952004346	-0.0030653887689089544	0.040754881881805365	7.50664650456488e-10	1.8394896453852248e-7	TRUE
A_24_P723735	23.72650374833762	-0.0030684341102132544	0.040756190278919927	2.1540108819957216e-6	2.5232698903378454e-4	TRUE
A_23_P20139	320.26223084943445	-0.003069680289938356	0.04075228706349547	4.0420277499599e-5	0.0038630102039243796	TRUE
A_24_P99066	61.18475490600484	-0.0030709057068355225	0.04075618857297878	1.9939037475289653e-9	4.0073555710140965e-7	TRUE
A_32_P206917	96.33145077961191	-0.0030730724074209946	0.04075492540292721	3.395303191972905e-9	6.242485689277538e-7	TRUE
A_32_P193262	163.00081772224553	-0.0030746329285041346	0.04075620379048087	1.3588712646527307e-11	8.315480873248054e-9	TRUE
A_23_P419760	16.258235341750993	-0.003074894225745581	0.040756720698104036	2.0679626842198577e-5	0.0020883367008131567	TRUE
A_32_P123479	120.5726460726505	-0.003075912491307799	0.040757127728234525	6.824450853217138e-12	5.083643034156886e-9	TRUE
A_24_P931788	68.29383025237618	-0.0030772358896289744	0.04075698500522749	7.930426197587427e-10	1.912632200594615e-7	TRUE
A_24_P239902	82.76803433401811	-0.003080785593861637	0.04075750748511165	1.61716013913611e-10	5.7158246297052165e-8	TRUE
A_24_P924230	103.16061293984204	-0.003081124089211619	0.04075765312546471	2.2228401133862414e-11	1.20195811795964e-8	TRUE
A_23_P86489	84.53058296167607	-0.0030842345615688343	0.04075791223927791	1.3213821244874698e-10	4.877482548852136e-8	TRUE
A_23_P107443	79.35322399754163	-0.0030926745482015767	0.04075884129239029	2.1764758644511034e-10	6.971524253319941e-8	TRUE
A_23_P45598	52.14385909360379	-0.0030944774700424433	0.04075798432125209	7.256019833156734e-9	1.2344266106200251e-6	TRUE
A_23_P153571	119.04664039726158	-0.0030966150979493865	0.04075947892732406	4.511560173020706e-12	3.699479341876979e-9	TRUE
A_23_P400927	73.46804474222785	-0.003097493174060508	0.040759359829485156	5.335946890957307e-10	1.4393014640082212e-7	TRUE
A_24_P782084	91.04953618509926	-0.0031010837612848595	0.04075987831139147	6.326119905431889e-11	2.5680288725020543e-8	TRUE
A_23_P90577	40.54188983879898	-0.00310465100200195	0.04075838659941778	3.34736688151087e-6	3.844314905936854e-4	TRUE
A_32_P77098	151.01011034769965	-0.0031210392592973236	0.04076061855215791	1.4831308237418937e-7	2.0068766921920015e-5	TRUE
A_24_P256636	154.83149568682546	-0.0031232269812702866	0.04076118181942855	3.2390932428998885e-7	4.0988525604597356e-5	TRUE
A_24_P188005	90.17396830787955	-0.003128019295682477	0.04076210406390545	6.859655942192661e-8	9.731691821103775e-6	TRUE
A_24_P925913	100.93274037525498	-0.00312814498191533	0.040763047525688	2.2170874707964816e-11	1.20195811795964e-8	TRUE
A_24_P919358	95.86327777719734	-0.003146113674584188	0.040765049608383855	6.219869645204723e-8	8.934590994152062e-6	TRUE
A_32_P103162	57.088498724073744	-0.003154613351288046	0.04076577055678377	2.479317214497465e-9	4.728000269506794e-7	TRUE
A_32_P207414	83.51451109807861	-0.0031579798811238254	0.04076678984655798	1.4221468550104004e-4	0.012458978857997096	TRUE
A_24_P629434	14.547969538523477	-0.0031606857345390055	0.040767000551605245	3.469586359145039e-5	0.0033789320837279476	TRUE
A_32_P178758	129.40367500552028	-0.0031640391429480935	0.0407652033030231	8.585620761410314e-8	1.1973144599245677e-5	TRUE
A_24_P773758	40.680842020072305	-0.0031819195709764624	0.040769258372290576	3.085344808642691e-8	4.7025701544368145e-6	TRUE
A_23_P83012	87.28417733056168	-0.003193101771660715	0.04077057061398208	5.392891697824467e-11	2.279469686709311e-8	TRUE
A_24_P535784	46.99573961394376	-0.003199392606864648	0.04077083981891854	8.090908797273841e-9	1.3595379536402766e-6	TRUE
A_32_P375062	121.25359401389105	-0.0032044899745170066	0.040772075087187554	2.851572345192625e-12	2.4875418330403747e-9	TRUE
A_24_P921327	164.48842159846188	-0.003209741385872235	0.040772801123937524	1.359676825327561e-13	2.1441057630165383e-10	TRUE
A_24_P182696	73.15428738755037	-0.003212503572862814	0.04077276439165658	2.288872692249132e-10	7.218752337093415e-8	TRUE
A_24_P570392	15.855565513243182	-0.0032154091826813143	0.04077320730978939	1.7195337361022036e-5	0.001766939428074946	TRUE
A_23_P420236	70.64446951318003	-0.0032185878880993	0.0407734608711853	2.7264411431253384e-10	8.4048185615142e-8	TRUE
A_23_P68219	54.91446392744767	-0.003225683110129147	0.040774111205022306	2.156603358433335e-9	4.210511318846035e-7	TRUE
A_24_P933720	99.67685007716487	-0.003226312112465515	0.04077460110894203	2.3468590024486896e-11	1.2496262220830685e-8	TRUE
A_32_P361884	288.669614709829	-0.003237991035007667	0.040776301143467655	3.2987536380771745e-16	2.2541483193527357e-12	TRUE
A_23_P139725	147.14313021271542	-0.003239088904763221	0.040776271155082665	3.3618123542659757e-13	4.0995142669440685e-10	TRUE
A_24_P912021	12.164199996795455	-0.003243941309029673	0.04077626384081793	7.296015577911903e-5	0.006722171656053664	TRUE
A_23_P23698	71.50953466212961	-0.0032579060710077033	0.040778123642049406	2.200964143889749e-10	6.995312395308503e-8	TRUE
A_23_P345808	168.27764168047926	-0.0032625105797014853	0.040779134260785804	8.619716050261543e-14	1.4725348252530135e-10	TRUE
A_23_P348831	104.41897295388866	-0.00326558228483764	0.04077932460890233	6.94351243689721e-12	5.083643034156886e-9	TRUE
A_23_P68691	54.54905681308786	-0.003266711849842265	0.040779030097214834	1.913419451113985e-9	3.908852427308986e-7	TRUE
A_24_P304881	146.39236824530758	-0.003273425863880471	0.040780422156926045	5.61568036782941e-13	6.395635974472383e-10	TRUE
A_32_P813412	126.80683190618167	-0.003277738325042549	0.04078088064036733	1.0624748889150593e-12	1.116960780654293e-9	TRUE
A_24_P928340	100.47777876428081	-0.0032777666023764765	0.04078078151120341	9.150538545957812e-12	6.468484144556384e-9	TRUE
A_24_P934184	135.58015310269403	-0.003282422578820054	0.040781478800489705	6.666815850750846e-13	7.387552699480668e-10	TRUE
A_32_P532738	117.6316585323096	-0.003282860477765609	0.04078104158741157	4.845091895429254e-10	1.3513521613102e-7	TRUE
A_32_P164503	84.57699259168112	-0.0033015701042105536	0.04078358609194153	3.697600469078908e-11	1.7425473474969567e-8	TRUE
A_24_P938025	82.52175183773203	-0.003312330335504812	0.04078523051324924	2.749254383807683e-9	5.194443766641244e-7	TRUE
A_23_P39315	43.72966944739128	-0.0033148785982191017	0.04078465459921519	8.066344223451169e-9	1.3595379536402766e-6	TRUE
A_24_P545587	113.24785699431114	-0.003330140601021009	0.04078724391987405	2.1675525005600463e-12	2.0667361051851604e-9	TRUE
A_24_P83928	80.17863034042551	-0.003331249300623139	0.04078719307131239	4.677454033394477e-11	2.0401661209486548e-8	TRUE
A_23_P211543	30.29831500291772	-0.0033368515611721487	0.04078804910677445	1.5666660341961035e-7	2.1060100787554177e-5	TRUE
A_24_P923909	19.29307085269271	-0.003337621029847071	0.04078774273920026	3.567776305664009e-6	4.0860007969895074e-4	TRUE
A_24_P857430	113.00037946899423	-0.0033386441559687063	0.04078829708735568	2.4921786673336e-12	2.2706516746817244e-9	TRUE
A_23_P323823	88.20562812282786	-0.0033527254420282547	0.04078965362759264	3.4163876185040725e-10	9.934176763026027e-8	TRUE
A_24_P921376	81.91927547083824	-0.0033560408959929255	0.04079027795106829	3.6454872905901875e-11	1.741062586246809e-8	TRUE
A_23_P1863	186.02018387675028	-0.0033919205531811026	0.040795111052747565	9.860317128082861e-15	2.412176679364839e-11	TRUE
A_24_P316555	10.677397748508282	-0.003417241978567968	0.04079746040778722	1.0156905144657705e-4	0.009132305064275568	TRUE
A_24_P924247	109.88452284262974	-0.0034302708834814725	0.040799764044965485	1.5518762665961145e-12	1.5518762665961145e-9	TRUE
A_24_P23546	63.92017486164408	-0.0034306555900797293	0.04080012061292702	2.9135415911487156e-10	8.783470973315982e-8	TRUE
A_32_P200303	181.95282532811171	-0.0034320295643604326	0.04080035509917944	1.0001708182732258e-14	2.412176679364839e-11	TRUE
A_32_P459529	104.98761685777704	-0.0034373882505846177	0.0408006469005519	2.2722257813431783e-12	2.117301296251598e-9	TRUE
A_24_P687465	68.8213571554196	-0.003444222908613988	0.040801253555934953	1.0568747485675016e-10	4.0879117633271285e-8	TRUE
A_24_P926254	8.95632930745462	-0.0034711077243526757	0.040803018971026006	2.247798819532589e-4	0.018618131636532552	TRUE
A_24_P753414	58.060313016418455	-0.003475794600583071	0.040805189868639125	7.121596647534796e-10	1.8002153913458998e-7	TRUE
A_24_P773149	23.61804944967136	-0.003477426322203531	0.04080399743212036	4.0133387605343506e-7	5.0320149596913876e-5	TRUE
A_32_P468743	130.94597815846646	-0.0034856254409200713	0.04080692957834747	1.7280079460453658e-13	2.4430457168227584e-10	TRUE
A_24_P333461	177.34948894899762	-0.0035399375607450823	0.04081410915828582	5.4705215486465065e-15	1.6020813106750483e-11	TRUE
A_32_P464910	87.50656015413105	-0.003590652092163038	0.04082049578194362	5.938430681684453e-12	4.508808480538196e-9	TRUE
A_24_P940644	9.231274672170217	-0.0036075416151305226	0.04082227337865778	1.7349111758913476e-4	0.014757543197416026	TRUE
A_32_P75243	134.07274944043564	-0.0036210004458136513	0.04082477350408452	9.06250281700968e-14	1.4862504619895876e-10	TRUE
A_23_P412613	7.384723401033476	-0.0036353850193428104	0.0408259077919742	5.757097232450554e-4	0.04371129380193939	TRUE
A_23_P20660	132.44220741710154	-0.003637348542816623	0.04082696419102644	8.597186055714825e-14	1.4725348252530135e-10	TRUE
A_23_P66011	7.56453278786757	-0.003720761336911821	0.04083771818840482	4.5313517883889017e-4	0.03512011783061342	TRUE
A_24_P408801	10.484551716913257	-0.003724630153181457	0.04083826722532075	7.337840062182911e-5	0.006745548039226443	TRUE
A_23_P427516	172.97247850848018	-0.0037478168801999005	0.04084218552201159	1.5951095342349614e-15	7.017010222126209e-12	TRUE
A_24_P61490	143.77417112976903	-0.003780083271863725	0.040846605981562444	5.052719588286861e-15	1.5935500239981638e-11	TRUE
A_24_P478617	165.06068934212973	-0.00381378469415578	0.04085141964451389	1.7114659078356606e-15	7.017010222126209e-12	TRUE
A_24_P324520	230.20476280301517	-0.0038533419878615358	0.04085714691414461	2.370355584733944e-17	3.239485965803057e-13	TRUE
A_24_P922793	129.44524735291688	-0.0038616179353633388	0.0408581205194238	1.3489210785345965e-14	3.0725424566621364e-11	TRUE
A_24_P745234	6.762471463145327	-0.0038814500947660997	0.04086013855080251	6.459436289141793e-4	0.04823987028320828	TRUE
A_23_P125495	214.93499061696667	-0.0038996313806958873	0.040863787942653065	4.340305355213152e-17	4.448812989093481e-13	TRUE
A_24_P917103	92.33573064535445	-0.004128771754910544	0.040897524725056526	1.536324320190868e-13	2.32895864963698e-10	TRUE
A_24_P902195	291.1566975235438	-0.004197930597298309	0.04090870532654386	8.005612484083967e-20	1.6411505592372133e-15	TRUE
A_23_P26965	8315.916442184885	-0.00764963167135975	0.04162526375840681	2.6810653077637733e-4	0.021724046960141245	TRUE
A_32_P62997	7717.916602684455	-0.02754091927693251	0.055418353650735636	4.0234224849006395e-4	0.031480977458192026	TRUE
A_23_P379614	10228.984895443911	-0.0347154839162698	0.06615489494313208	5.612009770740387e-4	0.04284774685295268	TRUE
A_24_P212764	30262.89994322808	-0.42941870046151404	0.1864181156345307	5.249431589118824e-4	0.04030462456065015	TRUE
A_23_P200310	8370.078332366027	-0.4608981766815637	0.1665658874507041	1.413945674711015e-4	0.012413655816520689	TRUE
A_24_P100517	6670.234329165463	-0.5095437655164049	0.15649063209719938	3.434679378120133e-5	0.003360903448757171	TRUE
